iter,reward_mean,timesteps_total
1,,1120
2,,2240
3,,3360
4,,4480
5,,5600
6,,6720
7,,7840
8,,8960
9,,10080
10,,11200
11,,12320
12,,13440
13,,14560
14,,15680
15,,16800
16,,17920
17,,19040
18,,20160
19,,21280
20,,22400
21,,23520
22,,24640
23,,25760
24,,26880
25,,28000
26,,29120
27,,30240
28,,31360
29,,32480
30,,33600
31,,34720
32,,35840
33,,36960
34,,38080
35,,39200
36,,40320
37,,41440
38,,42560
39,,43680
40,,44800
41,,45920
42,,47040
43,,48160
44,,49280
45,,50400
46,,51520
47,,52640
48,,53760
49,,54880
50,,56000
51,,57120
52,,58240
53,,59360
54,,60480
55,,61600
56,,62720
57,,63840
58,,64960
59,,66080
60,,67200
61,,68320
62,,69440
63,,70560
64,,71680
65,,72800
66,,73920
67,,75040
68,,76160
69,,77280
70,,78400
71,,79520
72,,80640
73,,81760
74,,82880
75,,84000
76,,85120
77,,86240
78,,87360
79,,88480
80,,89600
81,,90720
82,,91840
83,,92960
84,,94080
85,,95200
86,,96320
87,,97440
88,,98560
89,,99680
90,,100800
91,,101920
92,,103040
93,,104160
94,,105280
95,,106400
96,,107520
97,,108640
98,,109760
99,,110880
100,,112000
101,,113120
102,,114240
103,,115360
104,,116480
105,,117600
106,,118720
107,,119840
108,,120960
109,,122080
110,,123200
111,,124320
112,,125440
113,,126560
114,,127680
115,,128800
116,,129920
117,,131040
118,,132160
119,,133280
120,,134400
121,,135520
122,,136640
123,,137760
124,,138880
125,,140000
126,,141120
127,,142240
128,,143360
129,,144480
130,,145600
131,,146720
132,,147840
133,,148960
134,,150080
135,,151200
136,,152320
137,,153440
138,,154560
139,,155680
140,,156800
141,,157920
142,,159040
143,,160160
144,,161280
145,,162400
146,,163520
147,,164640
148,,165760
149,,166880
150,,168000
151,,169120
152,,170240
153,,171360
154,,172480
155,,173600
156,,174720
157,,175840
158,,176960
159,,178080
160,,179200
161,,180320
162,,181440
163,,182560
164,,183680
165,,184800
166,,185920
167,,187040
168,,188160
169,,189280
170,,190400
171,,191520
172,,192640
173,,193760
174,,194880
175,,196000
176,,197120
177,,198240
178,,199360
179,,200480
180,,201600
181,,202720
182,,203840
183,,204960
184,,206080
185,,207200
186,,208320
187,,209440
188,,210560
189,,211680
190,,212800
191,,213920
192,,215040
193,,216160
194,,217280
195,,218400
196,,219520
197,,220640
198,,221760
199,,222880
200,,224000
201,,225120
202,,226240
203,,227360
204,,228480
205,,229600
206,,230720
207,,231840
208,,232960
209,,234080
210,,235200
211,,236320
212,,237440
213,,238560
214,,239680
215,,240800
216,,241920
217,,243040
218,,244160
219,,245280
220,,246400
221,,247520
222,,248640
223,,249760
224,,250880
225,,252000
226,,253120
227,,254240
228,,255360
229,,256480
230,,257600
231,,258720
232,,259840
233,,260960
234,,262080
235,,263200
236,,264320
237,,265440
238,,266560
239,,267680
240,,268800
241,,269920
242,,271040
243,,272160
244,,273280
245,,274400
246,,275520
247,,276640
248,,277760
249,,278880
250,,280000
251,,281120
252,,282240
253,,283360
254,,284480
255,,285600
256,,286720
257,,287840
258,,288960
259,,290080
260,,291200
261,,292320
262,,293440
263,,294560
264,,295680
265,,296800
266,,297920
267,,299040
268,,300160
269,,301280
270,,302400
271,,303520
272,,304640
273,,305760
274,,306880
275,,308000
276,,309120
277,,310240
278,,311360
279,,312480
280,,313600
281,,314720
282,,315840
283,,316960
284,,318080
285,,319200
286,,320320
287,,321440
288,,322560
289,,323680
290,,324800
291,,325920
292,,327040
293,,328160
294,,329280
295,,330400
296,,331520
297,,332640
298,,333760
299,,334880
300,,336000
